,RTT,MISS,HIT,TH
0,0.5283653497695923,0.6,0.4,1.0388118189493988e-06
1,0.24725053310394288,0.6,0.3,1.5607280211080853e-06
