,RTT,MISS,HIT,TH
0,0.49676506519317626,0.7,0.3,8.460679347561768e-07
1,0.40096216201782225,0.5,0.5,5.533984105033369e-07
