,RTT,MISS,HIT,TH
0,0.4822117328643799,0.6,0.4,1.8187842913377883
1,0.3655006647109985,0.7,0.3,1.1269229408442025
